Date,Close
3/3/2015 16:00,147.37
3/4/2015 16:00,147.17
3/5/2015 16:00,151.17
3/6/2015 16:00,149.54
3/9/2015 16:00,150.68
3/10/2015 16:00,148.16
3/11/2015 16:00,147.4
3/12/2015 16:00,149.44
3/13/2015 16:00,149.28
3/16/2015 16:00,149.99
3/17/2015 16:00,150.03
3/18/2015 16:00,150.93
3/19/2015 16:00,151.31
3/20/2015 16:00,152.59
3/23/2015 16:00,152.93
3/24/2015 16:00,153.14
3/25/2015 16:00,151.09
3/26/2015 16:00,150.06
3/27/2015 16:00,150.47
3/30/2015 16:00,152.37
3/31/2015 16:00,151.5
4/1/2015 16:00,150.24
4/2/2015 16:00,151.63
4/6/2015 16:00,152.5
4/7/2015 16:00,151.78
4/8/2015 16:00,152
4/9/2015 16:00,148.81
4/10/2015 16:00,149.64
4/13/2015 16:00,149.02
4/14/2015 16:00,149.52
4/15/2015 16:00,149.07
4/16/2015 16:00,147.11
4/17/2015 16:00,144.57
4/20/2015 16:00,146.31
4/21/2015 16:00,147.34
4/22/2015 16:00,146.98
4/23/2015 16:00,147.3
4/24/2015 16:00,148.12
4/27/2015 16:00,146.96
4/28/2015 16:00,146.61
4/29/2015 16:00,144.46
4/30/2015 16:00,143.05
5/1/2015 16:00,145.39
5/4/2015 16:00,145.75
5/5/2015 16:00,144.5
5/6/2015 16:00,144.77
5/7/2015 16:00,144.56
5/8/2015 16:00,145.88
5/11/2015 16:00,144.27
5/12/2015 16:00,144.07
5/13/2015 16:00,143.24
5/14/2015 16:00,142.6
5/15/2015 16:00,144.83
5/18/2015 16:00,145.06
5/19/2015 16:00,144.74
5/20/2015 16:00,143.49
5/21/2015 16:00,143.94
5/22/2015 16:00,143.68
5/26/2015 16:00,143.25
5/27/2015 16:00,145.42
5/28/2015 16:00,144.26
5/29/2015 16:00,142.59
6/1/2015 16:00,142.39
6/2/2015 16:00,141.4
6/3/2015 16:00,142.13
6/4/2015 16:00,140.65
6/5/2015 16:00,138.78
6/8/2015 16:00,138.05
6/9/2015 16:00,138.04
6/10/2015 16:00,139.43
6/11/2015 16:00,139.32
6/12/2015 16:00,138.78
6/15/2015 16:00,137.23
6/16/2015 16:00,137.98
6/17/2015 16:00,138.88
6/18/2015 16:00,140.5
6/19/2015 16:00,140.3
6/22/2015 16:00,140.19
6/23/2015 16:00,139.65
6/24/2015 16:00,138.34
6/25/2015 16:00,137.45
6/26/2015 16:00,138.06
6/29/2015 16:00,135.69
6/30/2015 16:00,135.06
7/1/2015 16:00,136.49
7/2/2015 16:00,136.39
7/6/2015 16:00,135.88
7/7/2015 16:00,140.5
7/8/2015 16:00,139.9
7/9/2015 16:00,139.45
7/10/2015 16:00,142.72
7/13/2015 16:00,144.06
7/14/2015 16:00,143.93
7/15/2015 16:00,143.63
7/16/2015 16:00,144.33
7/17/2015 16:00,144.68
7/20/2015 16:00,145.04
7/21/2015 16:00,144.94
7/22/2015 16:00,146.38
7/23/2015 16:00,145.6
7/24/2015 16:00,144.99
7/27/2015 16:00,144.25
7/28/2015 16:00,144.55
7/29/2015 16:00,145.38
7/30/2015 16:00,145.3
7/31/2015 16:00,145.3
8/3/2015 16:00,145.52
8/4/2015 16:00,144.84
8/5/2015 16:00,146.89
8/6/2015 16:00,146.44
8/7/2015 16:00,145.26
8/10/2015 16:00,146.25
8/11/2015 16:00,145.89
8/12/2015 16:00,146.49
8/13/2015 16:00,145.27
8/14/2015 16:00,146.09
8/17/2015 16:00,146.09
8/18/2015 16:00,145.63
8/19/2015 16:00,145.17
8/20/2015 16:00,143.71
8/21/2015 16:00,138.99
8/24/2015 16:00,132.97
8/25/2015 16:00,132.71
8/26/2015 16:00,138.16
8/27/2015 16:00,140.21
8/28/2015 16:00,139.95
8/31/2015 16:00,140.05
9/1/2015 16:00,138.3
9/2/2015 16:00,140.42
9/3/2015 16:00,140.48
9/4/2015 16:00,138.48
9/8/2015 16:00,141.43
9/9/2015 16:00,139.68
9/10/2015 16:00,140.01
9/11/2015 16:00,141.05
9/14/2015 16:00,141.15
9/15/2015 16:00,142.43
9/16/2015 16:00,143.61
9/17/2015 16:00,143.35
9/18/2015 16:00,141.81
9/21/2015 16:00,143.21
9/22/2015 16:00,142.65
9/23/2015 16:00,145.43
9/24/2015 16:00,144.87
9/25/2015 16:00,145.55
9/28/2015 16:00,143.55
9/29/2015 16:00,143.72
9/30/2015 16:00,144.57
10/1/2015 16:00,144.56
10/2/2015 16:00,145.86
10/5/2015 16:00,148.07
10/6/2015 16:00,148.41
10/7/2015 16:00,147.96
10/8/2015 16:00,151.66
10/9/2015 16:00,153.97
10/12/2015 16:00,153.63
10/13/2015 16:00,152.28
10/14/2015 16:00,149.84
10/15/2015 16:00,151.77
10/16/2015 16:00,152.06
10/19/2015 16:00,153.22
10/20/2015 16:00,154.56
10/21/2015 16:00,155.21
10/22/2015 16:00,158.15
10/23/2015 16:00,155.74
10/26/2015 16:00,156.73
10/27/2015 16:00,157.76
10/28/2015 16:00,157.76
10/29/2015 16:00,158.28
10/30/2015 16:00,158.12
11/2/2015 16:00,159.15
11/3/2015 16:00,158.8
11/4/2015 16:00,157.15
11/5/2015 16:00,156.27
11/6/2015 16:00,157.55
11/9/2015 16:00,155.16
11/10/2015 16:00,156.41
11/11/2015 16:00,156.39
11/12/2015 16:00,156
11/13/2015 16:00,153.67
11/16/2015 16:00,156.45
11/17/2015 16:00,158.89
11/18/2015 16:00,161.25
11/19/2015 16:00,162.83
11/20/2015 16:00,163.1
11/23/2015 16:00,163.45
11/24/2015 16:00,162.19
11/25/2015 16:00,162.39
11/27/2015 16:00,163.58
11/30/2015 16:00,161.42
12/1/2015 16:00,161.29
12/2/2015 16:00,161.09
12/3/2015 16:00,163.67
12/4/2015 16:00,166.8
12/7/2015 16:00,167.12
12/8/2015 16:00,168.87
12/9/2015 16:00,159.72
12/10/2015 16:00,161.86
12/11/2015 16:00,160.02
12/14/2015 16:00,161.84
12/15/2015 16:00,161.29
12/16/2015 16:00,162.76
12/17/2015 16:00,160.68
12/18/2015 16:00,157.7
12/21/2015 16:00,159.39
12/22/2015 16:00,161.23
12/23/2015 16:00,161.71
12/24/2015 16:00,161.75
12/28/2015 16:00,161.16
12/29/2015 16:00,162.66
12/30/2015 16:00,162.71
12/31/2015 16:00,161.5
1/4/2016 16:00,159.54
1/5/2016 16:00,159.93
1/6/2016 16:00,158.45
1/7/2016 16:00,154.82
1/8/2016 16:00,152.11
1/11/2016 16:00,154.72
1/12/2016 16:00,156.06
1/13/2016 16:00,152.12
1/14/2016 16:00,153.18
1/15/2016 16:00,150.39
1/19/2016 16:00,150.47
1/20/2016 16:00,148.82
1/21/2016 16:00,150.38
1/22/2016 16:00,153.69
1/25/2016 16:00,150.78
1/26/2016 16:00,148.5
1/27/2016 16:00,147.73
1/28/2016 16:00,149.59
1/29/2016 16:00,151.12
2/1/2016 16:00,151.25
2/2/2016 16:00,148.5
2/3/2016 16:00,146.7
2/4/2016 16:00,143.28
2/5/2016 16:00,143.99
2/8/2016 16:00,147.02
2/9/2016 16:00,147.94
2/10/2016 16:00,148.05
2/11/2016 16:00,146.65
2/12/2016 16:00,148.65
2/16/2016 16:00,149.11
2/17/2016 16:00,150.91
2/18/2016 16:00,148.65
2/19/2016 16:00,148.7
2/22/2016 16:00,150.06
2/23/2016 16:00,150.36
2/24/2016 16:00,153.87
2/25/2016 16:00,154.72
2/26/2016 16:00,149.68
2/29/2016 16:00,150.03
3/1/2016 16:00,150.52
3/2/2016 16:00,152.79
3/3/2016 16:00,151.6
3/4/2016 16:00,150.9
3/7/2016 16:00,148.17
3/8/2016 16:00,150.95
3/9/2016 16:00,153.05
3/10/2016 16:00,152.87
3/11/2016 16:00,152.71
3/14/2016 16:00,152.67
3/15/2016 16:00,154.18
3/16/2016 16:00,154.06
3/17/2016 16:00,153.84
3/18/2016 16:00,153.15
3/21/2016 16:00,153.94
3/22/2016 16:00,152.23
3/23/2016 16:00,153.51
3/24/2016 16:00,151.43
3/28/2016 16:00,152.67
3/29/2016 16:00,155.26
3/30/2016 16:00,157.6
3/31/2016 16:00,157.58
4/1/2016 16:00,158.25
4/4/2016 16:00,157.73
4/5/2016 16:00,155.99
4/6/2016 16:00,156.77
4/7/2016 16:00,152.03
4/8/2016 16:00,151.65
4/11/2016 16:00,149.05
4/12/2016 16:00,150.52
4/13/2016 16:00,151.88
4/14/2016 16:00,151.4
4/15/2016 16:00,153.17
4/18/2016 16:00,153.3
4/19/2016 16:00,153.68
4/20/2016 16:00,152.74
4/21/2016 16:00,151.42
4/22/2016 16:00,149.92
4/25/2016 16:00,151.51
4/26/2016 16:00,152.6
4/27/2016 16:00,151.77
4/28/2016 16:00,151.44
4/29/2016 16:00,148.13
5/2/2016 16:00,150.93
5/3/2016 16:00,151.41
5/4/2016 16:00,151.51
5/5/2016 16:00,147.84
5/6/2016 16:00,146.44
5/9/2016 16:00,148.59
5/10/2016 16:00,149.56
5/11/2016 16:00,147.12
5/12/2016 16:00,146.72
5/13/2016 16:00,144.5
5/16/2016 16:00,145.79
5/17/2016 16:00,143.6
5/18/2016 16:00,141.29
5/19/2016 16:00,142.7
5/20/2016 16:00,142.69
5/23/2016 16:00,142.01
5/24/2016 16:00,142.57
5/25/2016 16:00,144.54
5/26/2016 16:00,149.71
5/27/2016 16:00,149.08
5/31/2016 16:00,148.77
6/1/2016 16:00,152.52
6/2/2016 16:00,151.51
6/3/2016 16:00,151.71
6/6/2016 16:00,152.24
6/7/2016 16:00,152.62
6/8/2016 16:00,153.37
6/9/2016 16:00,154.05
6/10/2016 16:00,154.87
6/13/2016 16:00,154.95
6/14/2016 16:00,155.87
6/15/2016 16:00,154.86
6/16/2016 16:00,156.42
6/17/2016 16:00,155.89
6/20/2016 16:00,156.48
6/21/2016 16:00,157.2
6/22/2016 16:00,158.12
6/23/2016 16:00,157.03
6/24/2016 16:00,155.56
6/27/2016 16:00,154.26
6/28/2016 16:00,155.6
6/29/2016 16:00,157.08
6/30/2016 16:00,157.04
7/1/2016 16:00,156.11
7/5/2016 16:00,155.25
7/6/2016 16:00,156.01
7/7/2016 16:00,163.7
7/8/2016 16:00,165.44
7/11/2016 16:00,166.72
7/12/2016 16:00,166.28
7/13/2016 16:00,166.78
7/14/2016 16:00,166.94
7/15/2016 16:00,166.41
7/18/2016 16:00,167.51
7/19/2016 16:00,168.12
7/20/2016 16:00,168.04
7/21/2016 16:00,167.05
7/22/2016 16:00,167.47
7/25/2016 16:00,167.97
7/26/2016 16:00,167.57
7/27/2016 16:00,166.15
7/28/2016 16:00,166.35
7/29/2016 16:00,167.22
8/1/2016 16:00,167.56
8/2/2016 16:00,166.5
8/3/2016 16:00,166.12
8/4/2016 16:00,166.55
8/5/2016 16:00,167.7
8/8/2016 16:00,167.4
8/9/2016 16:00,167.86
8/10/2016 16:00,168.29
8/11/2016 16:00,167.88
8/12/2016 16:00,169.04
8/15/2016 16:00,168.73
8/16/2016 16:00,168.41
8/17/2016 16:00,167.96
8/18/2016 16:00,167.75
8/19/2016 16:00,168.02
8/22/2016 16:00,167.94
8/23/2016 16:00,167.36
8/24/2016 16:00,167.57
8/25/2016 16:00,164.86
8/26/2016 16:00,163.93
8/29/2016 16:00,163.98
8/30/2016 16:00,161.96
8/31/2016 16:00,162.09
9/1/2016 16:00,156.21
9/2/2016 16:00,157.98
9/6/2016 16:00,158.06
9/7/2016 16:00,155.64
9/8/2016 16:00,153.47
9/9/2016 16:00,150.7
9/12/2016 16:00,151.69
9/13/2016 16:00,150.74
9/14/2016 16:00,150.69
9/15/2016 16:00,152.67
9/16/2016 16:00,152.35
9/19/2016 16:00,151.79
9/20/2016 16:00,152.17
9/21/2016 16:00,152.7
9/22/2016 16:00,153.15
9/23/2016 16:00,152.53
9/26/2016 16:00,151.19
9/27/2016 16:00,150.45
9/28/2016 16:00,149.41
9/29/2016 16:00,147.49
9/30/2016 16:00,152.51
10/3/2016 16:00,151.01
10/4/2016 16:00,150.48
10/5/2016 16:00,149.98
10/6/2016 16:00,149.47
10/7/2016 16:00,149.99
10/10/2016 16:00,150.28
10/11/2016 16:00,151.01
10/12/2016 16:00,150.46
10/13/2016 16:00,150.22
10/14/2016 16:00,150.15
10/17/2016 16:00,148.7
10/18/2016 16:00,149.11
10/19/2016 16:00,149.45
10/20/2016 16:00,150.04
10/21/2016 16:00,148.97
10/24/2016 16:00,152.12
10/25/2016 16:00,150.99
10/26/2016 16:00,150.98
10/27/2016 16:00,150.86
10/28/2016 16:00,149.76
10/31/2016 16:00,147.87
11/1/2016 16:00,146.66
11/2/2016 16:00,146.27
11/3/2016 16:00,144.45
11/4/2016 16:00,142.24
11/7/2016 16:00,143.54
11/8/2016 16:00,146.09
11/9/2016 16:00,146.79
11/10/2016 16:00,146.7
11/11/2016 16:00,149.36
11/14/2016 16:00,152
11/15/2016 16:00,151.15
11/16/2016 16:00,152.14
11/17/2016 16:00,151.2
11/18/2016 16:00,150.36
11/21/2016 16:00,151.17
11/22/2016 16:00,152.67
11/23/2016 16:00,151.6
11/25/2016 16:00,151.88
11/28/2016 16:00,151.25
11/29/2016 16:00,151.48
11/30/2016 16:00,150.11
12/1/2016 16:00,151.74
12/2/2016 16:00,152.09
12/5/2016 16:00,151.77
12/6/2016 16:00,151.01
12/7/2016 16:00,153.85
12/8/2016 16:00,157.59
12/9/2016 16:00,159.7
12/12/2016 16:00,160.33
12/13/2016 16:00,159.77
12/14/2016 16:00,158.99
12/15/2016 16:00,160.11
12/16/2016 16:00,160.41
12/19/2016 16:00,163.46
12/20/2016 16:00,163.86
12/21/2016 16:00,163.04
12/22/2016 16:00,162.07
12/23/2016 16:00,162.08
12/27/2016 16:00,162.05
12/28/2016 16:00,161.01
12/29/2016 16:00,161.13
12/30/2016 16:00,160.11
1/3/2017 16:00,159.73
1/4/2017 16:00,159.76
1/5/2017 16:00,162.91
1/6/2017 16:00,162.83
1/9/2017 16:00,160.97
1/10/2017 16:00,161.66
1/11/2017 16:00,161.54
1/12/2017 16:00,161.87
1/13/2017 16:00,161.86
1/17/2017 16:00,163.81
1/18/2017 16:00,164.27
1/19/2017 16:00,163.7
1/20/2017 16:00,164.24
1/23/2017 16:00,163.01
1/24/2017 16:00,163.67
1/25/2017 16:00,164.14
1/26/2017 16:00,164.07
1/27/2017 16:00,162.06
1/30/2017 16:00,163.25
1/31/2017 16:00,163.95
2/1/2017 16:00,161.86
2/2/2017 16:00,168.15
2/3/2017 16:00,168.32
2/6/2017 16:00,167.03
2/7/2017 16:00,167.52
2/8/2017 16:00,168.42
2/9/2017 16:00,170.96
2/10/2017 16:00,172
2/13/2017 16:00,171.96
2/14/2017 16:00,173.63
2/15/2017 16:00,175
2/16/2017 16:00,175.75
2/17/2017 16:00,175.86
2/21/2017 16:00,176.94
2/22/2017 16:00,176.51
2/23/2017 16:00,175.85
2/24/2017 16:00,177.56
2/27/2017 16:00,177.62
2/28/2017 16:00,177.18
3/1/2017 16:00,177.86
3/2/2017 16:00,177.98
3/3/2017 16:00,170.26
3/6/2017 16:00,166.73
3/7/2017 16:00,167
3/8/2017 16:00,166.24
3/9/2017 16:00,165.77
3/10/2017 16:00,165.37
3/13/2017 16:00,164.55
3/14/2017 16:00,165.24
3/15/2017 16:00,166.54
3/16/2017 16:00,167.06
3/17/2017 16:00,167.81
3/20/2017 16:00,167.44
3/21/2017 16:00,166.78
3/22/2017 16:00,167.68
3/23/2017 16:00,166.9
3/24/2017 16:00,166.02
3/27/2017 16:00,166.15
3/28/2017 16:00,166.77
3/29/2017 16:00,167.43
3/30/2017 16:00,167.89
3/31/2017 16:00,167.69
4/3/2017 16:00,166.7
4/4/2017 16:00,167.25
4/5/2017 16:00,167
4/6/2017 16:00,170.02
4/7/2017 16:00,170.62
4/10/2017 16:00,171.22
4/11/2017 16:00,170.63
4/12/2017 16:00,170.17
4/13/2017 16:00,168.84
4/17/2017 16:00,169.7
4/18/2017 16:00,170.13
4/19/2017 16:00,170.06
4/20/2017 16:00,170.15
4/21/2017 16:00,170.77
4/24/2017 16:00,172.33
4/25/2017 16:00,172.68
4/26/2017 16:00,176.8
4/27/2017 16:00,177.45
4/28/2017 16:00,177.52
5/1/2017 16:00,177.86
5/2/2017 16:00,178.59
5/3/2017 16:00,179.82
5/4/2017 16:00,182.45
5/5/2017 16:00,180.2
5/8/2017 16:00,172.64
5/9/2017 16:00,172.68
5/10/2017 16:00,171.35
5/11/2017 16:00,171.26
5/12/2017 16:00,170.88
5/15/2017 16:00,171.57
5/16/2017 16:00,171
5/17/2017 16:00,169.15
5/18/2017 16:00,170.72
5/19/2017 16:00,171.64
5/22/2017 16:00,172.4
5/23/2017 16:00,172.47
5/24/2017 16:00,173.01
5/25/2017 16:00,174.73
5/26/2017 16:00,177.86
5/30/2017 16:00,178.92
5/31/2017 16:00,180.43
6/1/2017 16:00,180.63
6/2/2017 16:00,180.97
6/5/2017 16:00,182.08
6/6/2017 16:00,181.45
6/7/2017 16:00,182.2
6/8/2017 16:00,181.41
6/9/2017 16:00,180.38
6/12/2017 16:00,179.64
6/13/2017 16:00,180.51
6/14/2017 16:00,181.67
6/15/2017 16:00,180.06
6/16/2017 16:00,167.11
6/19/2017 16:00,164.34
6/20/2017 16:00,162.9
6/21/2017 16:00,163.15
6/22/2017 16:00,159.79
6/23/2017 16:00,157.13
6/26/2017 16:00,160.2
6/27/2017 16:00,159.26
6/28/2017 16:00,160.17
6/29/2017 16:00,158.68
6/30/2017 16:00,159.93
7/3/2017 16:00,158.82
7/5/2017 16:00,158.02
7/6/2017 16:00,157.09
7/7/2017 16:00,154.11
7/10/2017 16:00,151
7/11/2017 16:00,151.11
7/12/2017 16:00,151.75
7/13/2017 16:00,153.6
7/14/2017 16:00,153
7/17/2017 16:00,152.84
7/18/2017 16:00,151.5
7/19/2017 16:00,151.24
7/20/2017 16:00,150.99
7/21/2017 16:00,150.44
7/24/2017 16:00,151
7/25/2017 16:00,153.17
7/26/2017 16:00,152.09
7/27/2017 16:00,152.52
7/28/2017 16:00,152.89
7/31/2017 16:00,158.51
8/1/2017 16:00,159.72
8/2/2017 16:00,161.28
8/3/2017 16:00,157.91
8/4/2017 16:00,156.44
8/7/2017 16:00,156.95
8/8/2017 16:00,157.75
8/9/2017 16:00,156.86
8/10/2017 16:00,156.64
8/11/2017 16:00,156.65
8/14/2017 16:00,157.91
8/15/2017 16:00,156.88
8/16/2017 16:00,159.76
8/17/2017 16:00,158.57
8/18/2017 16:00,157.08
8/21/2017 16:00,157.07
8/22/2017 16:00,158.7
8/23/2017 16:00,159.37
8/24/2017 16:00,151.33
8/25/2017 16:00,152.45
8/28/2017 16:00,152.55
8/29/2017 16:00,153.56
8/30/2017 16:00,154.44
8/31/2017 16:00,156.74
9/1/2017 16:00,158.24
9/5/2017 16:00,159.14
9/6/2017 16:00,158.86
9/7/2017 16:00,159.28
9/8/2017 16:00,157.31
9/11/2017 16:00,157.36
9/12/2017 16:00,160.04
9/13/2017 16:00,162.99
9/14/2017 16:00,162.37
9/15/2017 16:00,162.3
9/18/2017 16:00,160.91
9/19/2017 16:00,161.56
9/20/2017 16:00,162.85
9/21/2017 16:00,161.48
9/22/2017 16:00,161.29
9/25/2017 16:00,162.33
9/26/2017 16:00,164.07
9/27/2017 16:00,164.42
9/28/2017 16:00,163.9
9/29/2017 16:00,164.29
10/2/2017 16:00,165.89
10/3/2017 16:00,165.08
10/4/2017 16:00,165.21
10/5/2017 16:00,167.07
10/6/2017 16:00,157.09
10/9/2017 16:00,154.61
10/10/2017 16:00,156.87
10/11/2017 16:00,157.87
10/12/2017 16:00,157.22
10/13/2017 16:00,159.85
10/16/2017 16:00,158.81
10/17/2017 16:00,158.38
10/18/2017 16:00,157.55
10/19/2017 16:00,158.46
10/20/2017 16:00,160.77
10/23/2017 16:00,162.04
10/24/2017 16:00,162.29
10/25/2017 16:00,162.18
10/26/2017 16:00,162.46
10/27/2017 16:00,162.38
10/30/2017 16:00,160.23
10/31/2017 16:00,161.08
11/1/2017 16:00,162.69
11/2/2017 16:00,164.95
11/3/2017 16:00,166.44
11/6/2017 16:00,165.05
11/7/2017 16:00,166.28
11/8/2017 16:00,169.05
11/9/2017 16:00,169.11
11/10/2017 16:00,171.36
11/13/2017 16:00,171.46
11/14/2017 16:00,171.44
11/15/2017 16:00,169
11/16/2017 16:00,170.98
11/17/2017 16:00,170.98
11/20/2017 16:00,172.28
11/21/2017 16:00,173.42
11/22/2017 16:00,172.48
11/24/2017 13:00,171.62
11/27/2017 16:00,172.61
11/28/2017 16:00,173.65
11/29/2017 16:00,177.53
11/30/2017 16:00,184.43
12/1/2017 16:00,185.13
12/4/2017 16:00,189.56
12/5/2017 16:00,187.82
12/6/2017 16:00,187.22
12/7/2017 16:00,186.2
12/8/2017 16:00,188.07
12/11/2017 16:00,188.86
12/12/2017 16:00,188.3
12/13/2017 16:00,188.28
12/14/2017 16:00,186.53
12/15/2017 16:00,192.73
12/18/2017 16:00,192.31
12/19/2017 16:00,188.33
12/20/2017 16:00,187.51
12/21/2017 16:00,186.8
12/22/2017 16:00,186.63
12/26/2017 16:00,186.55
12/27/2017 16:00,186.3
12/28/2017 16:00,186.62
12/29/2017 16:00,186.12
1/2/2018 16:00,188.32
1/3/2018 16:00,190.58
1/4/2018 16:00,189.1
1/5/2018 16:00,187.75
1/8/2018 16:00,188.48
1/9/2018 16:00,186.29
1/10/2018 16:00,185.42
1/11/2018 16:00,189.38
1/12/2018 16:00,191.84
1/16/2018 16:00,191.53
1/17/2018 16:00,192.29
1/18/2018 16:00,191.51
1/19/2018 16:00,192.29
1/22/2018 16:00,194.38
1/23/2018 16:00,193.42
1/24/2018 16:00,194.24
1/25/2018 16:00,197.95
1/26/2018 16:00,198.91
1/29/2018 16:00,198.32
1/30/2018 16:00,197.91
1/31/2018 16:00,194.87
2/1/2018 16:00,193.47
2/2/2018 16:00,190.99
2/5/2018 16:00,182.77
2/6/2018 16:00,185.01
2/7/2018 16:00,183.19
2/8/2018 16:00,178.61
2/9/2018 16:00,180.72
2/12/2018 16:00,181.06
2/13/2018 16:00,184.15
2/14/2018 16:00,187.35
2/15/2018 16:00,191.48
2/16/2018 16:00,191.56
2/20/2018 16:00,188.12
2/21/2018 16:00,185.75
2/22/2018 16:00,186.59
2/23/2018 16:00,189.81
2/26/2018 16:00,192.81
2/27/2018 16:00,190.1
2/28/2018 16:00,190.9
3/1/2018 16:00,189.03
3/2/2018 16:00,189.33
3/5/2018 16:00,191.48
3/6/2018 16:00,191.46
3/7/2018 16:00,187.36
3/8/2018 16:00,185.69
3/9/2018 16:00,188.58
3/12/2018 16:00,189.37
3/13/2018 16:00,187.46
3/14/2018 16:00,184.63
3/15/2018 16:00,185.51
3/16/2018 16:00,185.87
3/19/2018 16:00,184.15
3/20/2018 16:00,187.35
3/21/2018 16:00,186.07
3/22/2018 16:00,182.64
3/23/2018 16:00,180.84
3/26/2018 16:00,187.22
3/27/2018 16:00,183.15
3/28/2018 16:00,183.61
3/29/2018 16:00,188.43
4/2/2018 16:00,182.75
4/3/2018 16:00,182.61
4/4/2018 16:00,185.52
4/5/2018 16:00,186.25
4/6/2018 16:00,183.96
4/9/2018 16:00,184.41
4/10/2018 16:00,183.55
4/11/2018 16:00,184.65
4/12/2018 16:00,188.82
4/13/2018 16:00,188.91
4/16/2018 16:00,194.58
4/17/2018 16:00,196
4/18/2018 16:00,196.51
4/19/2018 16:00,195.07
4/20/2018 16:00,193.56
4/23/2018 16:00,193.35
4/24/2018 16:00,192.51
4/25/2018 16:00,193.97
4/26/2018 16:00,195.26
4/27/2018 16:00,196.58
4/30/2018 16:00,197.16
5/1/2018 16:00,196.55
5/2/2018 16:00,194
5/3/2018 16:00,193.01
5/4/2018 16:00,195.19
5/7/2018 16:00,193.06
5/8/2018 16:00,194.48
5/9/2018 16:00,196.04
5/10/2018 16:00,195.45
5/11/2018 16:00,195.76
5/14/2018 16:00,195.88
5/15/2018 16:00,195.48
5/16/2018 16:00,198.71
5/17/2018 16:00,199.6
5/18/2018 16:00,199.6
5/21/2018 16:00,199.62
5/22/2018 16:00,198.97
5/23/2018 16:00,198.14
5/24/2018 16:00,198.89
5/25/2018 16:00,198.36
5/29/2018 16:00,196.74
5/30/2018 16:00,199.64
5/31/2018 16:00,198.24
6/1/2018 16:00,197.13
6/4/2018 16:00,198.62
6/5/2018 16:00,197.84
6/6/2018 16:00,197.66
6/7/2018 16:00,202.57
6/8/2018 16:00,203.76
6/11/2018 16:00,204.5
6/12/2018 16:00,204.88
6/13/2018 16:00,204.11
6/14/2018 16:00,205.12
6/15/2018 16:00,207.32
6/18/2018 16:00,206.21
6/19/2018 16:00,207.53
6/20/2018 16:00,207.98
6/21/2018 16:00,209.96
6/22/2018 16:00,211.1
6/25/2018 16:00,211.75
6/26/2018 16:00,210.09
6/27/2018 16:00,210.03
6/28/2018 16:00,208.71
6/29/2018 16:00,208.98
7/2/2018 16:00,207.99
7/3/2018 13:00,207.12
7/5/2018 16:00,209.14
7/6/2018 16:00,209.62
7/9/2018 16:00,210.94
7/10/2018 16:00,211.7
7/11/2018 16:00,210.95
7/12/2018 16:00,214.02
7/13/2018 16:00,216.54
7/16/2018 16:00,214.85
7/17/2018 16:00,215
7/18/2018 16:00,214.97
7/19/2018 16:00,217.54
7/20/2018 16:00,218.69
7/23/2018 16:00,218.84
7/24/2018 16:00,218.58
7/25/2018 16:00,220.7
7/26/2018 16:00,221.72
7/27/2018 16:00,219.65
7/30/2018 16:00,219.11
7/31/2018 16:00,218.71
8/1/2018 16:00,217.13
8/2/2018 16:00,221.12
8/3/2018 16:00,222.03
8/6/2018 16:00,222.72
8/7/2018 16:00,223.86
8/8/2018 16:00,224.58
8/9/2018 16:00,218.24
8/10/2018 16:00,220.31
8/13/2018 16:00,219.56
8/14/2018 16:00,222
8/15/2018 16:00,221.67
8/16/2018 16:00,223.19
8/17/2018 16:00,225.68
8/20/2018 16:00,227.35
8/21/2018 16:00,228.54
8/22/2018 16:00,229.21
8/23/2018 16:00,229.51
8/24/2018 16:00,231.28
8/27/2018 16:00,230.03
8/28/2018 16:00,230.26
8/29/2018 16:00,230.19
8/30/2018 16:00,230.83
8/31/2018 16:00,233.13
9/4/2018 16:00,234.68
9/5/2018 16:00,235.61
9/6/2018 16:00,236.68
9/7/2018 16:00,241.46
9/10/2018 16:00,243.18
9/11/2018 16:00,244.21
9/12/2018 16:00,242.44
9/13/2018 16:00,241.27
9/14/2018 16:00,235.38
9/17/2018 16:00,232
9/18/2018 16:00,234.35
9/19/2018 16:00,233.85
9/20/2018 16:00,233.92
9/21/2018 16:00,234.76
9/24/2018 16:00,233.34
9/25/2018 16:00,232.93
9/26/2018 16:00,233.81
9/27/2018 16:00,234
9/28/2018 16:00,234.88
10/1/2018 16:00,234.65
10/2/2018 16:00,236.35
10/3/2018 16:00,233.2
10/4/2018 16:00,231.68
10/5/2018 16:00,218.82
10/8/2018 16:00,223.93
10/9/2018 16:00,224.17
10/10/2018 16:00,221.05
10/11/2018 16:00,221.82
10/12/2018 16:00,226.95
10/15/2018 16:00,224.51
10/16/2018 16:00,227.68
10/17/2018 16:00,228.49
10/18/2018 16:00,228.58
10/19/2018 16:00,229.67
10/22/2018 16:00,229.06
10/23/2018 16:00,228.75
10/24/2018 16:00,223.76
10/25/2018 16:00,226.4
10/26/2018 16:00,218.19
10/29/2018 16:00,222.42
10/30/2018 16:00,227.92
10/31/2018 16:00,228.63
11/1/2018 16:00,229.6
11/2/2018 16:00,230.16
11/5/2018 16:00,234.45
11/6/2018 16:00,236.71
11/7/2018 16:00,240.37
11/8/2018 16:00,238.7
11/9/2018 16:00,237.74
11/12/2018 16:00,234.48
11/13/2018 16:00,234.14
11/14/2018 16:00,233.31
11/15/2018 16:00,229.94
11/16/2018 16:00,231.02
11/19/2018 16:00,228.74
11/20/2018 16:00,219.31
11/21/2018 16:00,218.57
11/23/2018 13:00,220.06
11/26/2018 16:00,219.45
11/27/2018 16:00,223.01
11/28/2018 16:00,230.34
11/29/2018 16:00,231
11/30/2018 16:00,231.28
12/3/2018 16:00,232.08
12/4/2018 16:00,226.35
12/6/2018 16:00,233.2
12/7/2018 16:00,224.86
12/10/2018 16:00,222.66
12/11/2018 16:00,226.5
12/12/2018 16:00,227.8
12/13/2018 16:00,226.51
12/14/2018 16:00,207.06
12/17/2018 16:00,202.23
12/18/2018 16:00,202.99
12/19/2018 16:00,201.41
12/20/2018 16:00,197.13
12/21/2018 16:00,194.52
12/24/2018 13:00,189.99
12/26/2018 16:00,198.63
12/27/2018 16:00,201.08
12/28/2018 16:00,202.04
12/31/2018 16:00,203.71
1/2/2019 16:00,204.76
1/3/2019 16:00,200.42
1/4/2019 16:00,206.24
1/7/2019 16:00,207
1/8/2019 16:00,208.55
1/9/2019 16:00,209.9
1/10/2019 16:00,210.64
1/11/2019 16:00,210.51
1/14/2019 16:00,209
1/15/2019 16:00,211.03
1/16/2019 16:00,210.18
1/17/2019 16:00,211.46
1/18/2019 16:00,213.59
1/22/2019 16:00,212.4
1/23/2019 16:00,212.09
1/24/2019 16:00,210.31
1/25/2019 16:00,209.07
1/28/2019 16:00,210.77
1/29/2019 16:00,210.31
1/30/2019 16:00,211.35
1/31/2019 16:00,214.63
2/1/2019 16:00,210.27
2/4/2019 16:00,211.18
2/5/2019 16:00,211.61
2/6/2019 16:00,211.6
2/7/2019 16:00,209.05
2/8/2019 16:00,207.75
2/11/2019 16:00,208.72
2/12/2019 16:00,211.9
2/13/2019 16:00,212.8
2/14/2019 16:00,213.84
2/15/2019 16:00,216.47
2/19/2019 16:00,218.12
2/20/2019 16:00,217.11
2/21/2019 16:00,215.23
2/22/2019 16:00,216.29
2/25/2019 16:00,217.05
2/26/2019 16:00,217.61
2/27/2019 16:00,218.05
2/28/2019 16:00,218.74
3/1/2019 16:00,219.44
3/4/2019 16:00,218.41
3/5/2019 16:00,219.82
3/6/2019 16:00,219.23
3/7/2019 16:00,216.79
3/8/2019 16:00,227.82
3/11/2019 16:00,229.69
3/12/2019 16:00,232.96
3/13/2019 16:00,236.38
3/14/2019 16:00,233.84
3/15/2019 16:00,233.6
3/18/2019 16:00,236.59
3/19/2019 16:00,237.05
3/20/2019 16:00,236.98
3/21/2019 16:00,239.54
3/22/2019 16:00,237.56
3/25/2019 16:00,236.97
3/26/2019 16:00,239.07
3/27/2019 16:00,239.41
3/28/2019 16:00,241.22
3/29/2019 16:00,242.14
4/1/2019 16:00,244.19
4/2/2019 16:00,240.5
4/3/2019 16:00,242.48
4/4/2019 16:00,244.4
4/5/2019 16:00,245.87
4/8/2019 16:00,246.52
4/9/2019 16:00,244.91
4/10/2019 16:00,245.61
4/11/2019 16:00,241.24
4/12/2019 16:00,241.95
4/15/2019 16:00,246.33
4/16/2019 16:00,245.34
4/17/2019 16:00,245.56
4/18/2019 16:00,245.81
4/22/2019 16:00,243.42
4/23/2019 16:00,245.58
4/24/2019 16:00,247.96
4/25/2019 16:00,245.6
4/26/2019 16:00,243.82
4/29/2019 16:00,244.28
4/30/2019 16:00,245.53
